id,Road_Name,Remarks
Road,Kalmunai - Chavalakadai Road,
Road,Kalmunai - Chavalakadai Road,
Road,Kalmunai - Chavalakadai Road,
Road,Kalmunai - Chavalakadai Road,
Road,Kalmunai - Chavalakadai Road,
Road,Kalmunai - Chavalakadai Road,
Road,Kalmunai - Chavalakadai Road,
Road,Kalmunai - Chavalakadai Road,
Road,Kalmunai - Chavalakadai Road,
Road,Kalmunai - Chavalakadai Road,
Road,Kalmunai - Chavalakadai Road,
Road,Kalmunai - Chavalakadai Road,
Road,Kalmunai - Chavalakadai Road,
Road,Kalmunai - Chavalakadai Road,
Road,Kalmunai - Chavalakadai Road,
Road,Kalmunai - Chavalakadai Road,
Road,Kalmunai - Chavalakadai Road,
Road,Kalmunai - Chavalakadai Road,
Road,Kalmunai - Chavalakadai Road,
Road,Kalmunai - Chavalakadai Road,
Road,Kalmunai - Chavalakadai Road,
Road,Kalmunai - Chavalakadai Road,
Road,Kalmunai - Chavalakadai Road,
Road,Kalmunai - Chavalakadai Road,
Road,Kalmunai - Chavalakadai Road,
Road,Kalmunai - Chavalakadai Road,
Road,Kalmunai - Chavalakadai Road,
Road,Kalmunai - Chavalakadai Road,
